{"X1": {"mean": [0.3709414303302765, 0.28387999534606934, 0.3163425922393799], "std": [0.27599290013313293, 0.18305504322052002, 0.1628960818052292]}, "X2": {"mean": [0.023459866642951965], "std": [0.15135641396045685]}, "X3": {"mean": [0.2250535488128662], "std": [0.41754183173179626]}}